Model,VaR,ES
EWMA,0.4328587982772345,0.5428223961201545
GARCH,0.44540915072873954,0.5585610444206913
